Nome,Email,Telefone
Caitlin Waters,debbie@blanda.test,653-784-2691
Cleveland Dibbert,verdell.will@batz.example,1-396-573-2347 x91575
Aundrea Jerde,mee@block.example,1-463-268-9325 x655
Mr. Maxwell Heller,isabell_schowalter@wolff-swaniawski.example,570-950-1433 x29742
Rochelle Marks,dave.leffler@stanton.test,1-396-014-9992 x7395
Kelly Robel,yelena_powlowski@treutel.example,148.440.0386
Amb. Deandra Blanda,alden@runolfsson-murphy.example,1-877-662-3773 x69451
Ross Schmeler,carol_huel@kilback.example,456-673-4320 x4196
Augustine Simonis DC,shawnna@kling-wolf.test,(655) 954-0581 x37358
Miss Tabatha Renner,bertram.stoltenberg@green.test,630-673-0623 x67589
Erik MacGyver,winford.barton@marks.example,880-108-2184 x1238
Emerson Upton Esq.,priscila@prosacco.test,819.003.5696
Renita Durgan DVM,cherly@hahn.test,1-154-612-4172 x091
Deshawn Koelpin,corrine@deckow.example,754-814-9945 x53817
Lindsy Heidenreich,marica.hermiston@klocko.example,860.900.8601 x0674
Minh Funk Esq.,elliot_schmeler@kreiger.example,1-927-023-9905 x6405
Jim Lakin,roger.krajcik@romaguera.example,1-397-756-2959 x1940
Raymon Adams,terry_mayert@moore-marvin.example,543-795-4735
Robin Nolan,art.greenholt@schamberger-dickinson.test,(656) 080-7105
Clinton Smitham,temple.heaney@rau.example,1-218-837-3081
